{
  "num_steps": 25,
  "encoding": "rate",
  "architecture": [
    {
      "type": "SpikingLinear",
      "in_features": 2,
      "out_features": 20,
      "beta": 0.9,
      "threshold": 1.0,
      "reset_mode": "zero"
    },
    {
      "type": "SpikingLinear",
      "in_features": 20,
      "out_features": 20,
      "beta": 0.9,
      "threshold": 1.0,
      "reset_mode": "zero"
    },
    {
      "type": "LeakyReadout",
      "in_features": 20,
      "out_features": 1,
      "beta": 0.9
    }
  ],
  "parameters": {
    "layer_0_weight": [
      [
        1.4824116230010986,
        0.9869150519371033
      ],
      [
        1.3221076726913452,
        1.2715544700622559
      ],
      [
        0.49286651611328125,
        0.4440939724445343
      ],
      [
        1.6941503286361694,
        -0.297707200050354
      ],
      [
        0.2014981508255005,
        0.42660704255104065
      ],
      [
        -0.3342353403568268,
        1.3859692811965942
      ],
      [
        0.8625254034996033,
        -0.8264958262443542
      ],
      [
        -1.8426381349563599,
        -0.861047089099884
      ],
      [
        -0.08014272153377533,
        -0.6781038045883179
      ],
      [
        0.6661457419395447,
        -0.10448998212814331
      ],
      [
        -0.1178763136267662,
        0.8367724418640137
      ],
      [
        -0.7376934885978699,
        -1.4622979164123535
      ],
      [
        -0.8372378349304199,
        0.6769908666610718
      ],
      [
        0.26770398020744324,
        -0.42365291714668274
      ],
      [
        -1.6789175271987915,
        0.179680734872818
      ],
      [
        1.1264067888259888,
        -0.47123342752456665
      ],
      [
        0.5321856141090393,
        1.0352705717086792
      ],
      [
        -0.8447380065917969,
        -1.9002058506011963
      ],
      [
        -0.3939148485660553,
        -0.6337288618087769
      ],
      [
        1.175134301185608,
        -0.09507595002651215
      ]
    ],
    "layer_0_bias": [
      0.1807871311903,
      0.010143551975488663,
      -0.11308272182941437,
      0.11369632929563522,
      -0.0972708985209465,
      -0.08219893276691437,
      0.2674444615840912,
      -0.24260540306568146,
      0.4485343396663666,
      0.01359676942229271,
      0.030297450721263885,
      -0.05339040607213974,
      -0.07508040964603424,
      -0.016843970865011215,
      0.25334829092025757,
      0.06651830673217773,
      0.062478210777044296,
      -0.20689357817173004,
      -0.18370367586612701,
      0.11540897190570831
    ],
    "layer_1_weight": [
      [
        0.3420971930027008,
        -0.07350751012563705,
        -0.05740121006965637,
        0.2737625241279602,
        0.18267658352851868,
        0.36521634459495544,
        -0.3303205370903015,
        -0.023126542568206787,
        -0.0016855853609740734,
        -0.15466244518756866,
        0.4897846579551697,
        0.4985830783843994,
        0.14378859102725983,
        -0.12580277025699615,
        0.2923724055290222,
        -0.24463403224945068,
        -0.00010872734128497541,
        0.025252699851989746,
        -0.505419909954071,
        -0.06209607422351837
      ],
      [
        0.5279948115348816,
        -0.40311384201049805,
        -0.31229791045188904,
        -0.09308841079473495,
        -0.3560275733470917,
        -0.16757267713546753,
        -0.3254252076148987,
        -0.28951817750930786,
        0.4799419343471527,
        -0.01003283727914095,
        -0.04209410026669502,
        0.43843501806259155,
        -0.352623850107193,
        0.5223085880279541,
        0.17446836829185486,
        0.17138834297657013,
        0.24648895859718323,
        -0.19307643175125122,
        -0.2522900402545929,
        0.5643286108970642
      ],
      [
        0.4383392035961151,
        0.19543111324310303,
        0.1416555643081665,
        0.19653290510177612,
        0.31130704283714294,
        0.3069237768650055,
        0.22074997425079346,
        -0.1920546591281891,
        0.5300812721252441,
        0.3419763147830963,
        -0.21477244794368744,
        0.17545348405838013,
        -0.33090245723724365,
        0.30922186374664307,
        0.14694969356060028,
        0.23189356923103333,
        -0.5708330869674683,
        -0.22497570514678955,
        0.012154042720794678,
        -0.3490372598171234
      ],
      [
        -0.4165962040424347,
        -0.27071285247802734,
        0.26066526770591736,
        -0.01464049145579338,
        -0.469424843788147,
        0.22583545744419098,
        0.8889369964599609,
        -0.3091568648815155,
        0.024658478796482086,
        0.32816314697265625,
        -0.3633674085140228,
        -0.17711931467056274,
        -0.3152481019496918,
        0.7529541254043579,
        -0.03896016627550125,
        0.026642654091119766,
        -0.45232146978378296,
        0.016798734664916992,
        -0.15257251262664795,
        0.1014387458562851
      ],
      [
        -0.2808173596858978,
        0.09626002609729767,
        -0.11884965002536774,
        -0.4014444351196289,
        0.15696007013320923,
        -0.268548846244812,
        0.7321258783340454,
        0.4451996684074402,
        0.7069606781005859,
        0.1956665962934494,
        -0.13267770409584045,
        0.4127894639968872,
        -0.18578973412513733,
        -0.08287359774112701,
        -0.17562083899974823,
        0.24221034348011017,
        0.34784770011901855,
        0.14571607112884521,
        -0.13876226544380188,
        -0.06055152043700218
      ],
      [
        0.37312886118888855,
        -0.5489490032196045,
        0.06174042820930481,
        -0.3020540475845337,
        -0.3467307686805725,
        0.0939021110534668,
        -0.3903670012950897,
        -0.318791002035141,
        0.5767603516578674,
        -0.24377413094043732,
        0.35069897770881653,
        -0.5080156922340393,
        0.4733203649520874,
        0.2762305736541748,
        0.20377101004123688,
        0.1748511642217636,
        0.24135500192642212,
        0.30532360076904297,
        0.33975058794021606,
        -0.1610030084848404
      ],
      [
        0.40446382761001587,
        0.40664908289909363,
        -0.4602733552455902,
        0.22782424092292786,
        -0.31459030508995056,
        0.22522364556789398,
        0.18991607427597046,
        -0.1528312861919403,
        -0.4287777245044708,
        0.5291551351547241,
        -0.2804187834262848,
        -0.15303349494934082,
        -0.48062002658843994,
        -0.019052060320973396,
        -0.5891724824905396,
        -0.060252610594034195,
        0.17573747038841248,
        -0.055599093437194824,
        -0.49322015047073364,
        0.41121751070022583
      ],
      [
        -0.08307003229856491,
        0.3787817358970642,
        -0.08178874850273132,
        -0.4992087781429291,
        -0.20259219408035278,
        -0.5762141346931458,
        0.7380385994911194,
        -0.3033657670021057,
        0.14360518753528595,
        -0.33623412251472473,
        -0.4824768006801605,
        -0.5187164545059204,
        0.10039401054382324,
        -0.2092743068933487,
        -0.44990110397338867,
        0.10441760718822479,
        0.4085199534893036,
        -0.05976450443267822,
        0.3687472343444824,
        0.5981494188308716
      ],
      [
        -0.2920742630958557,
        -0.008380909450352192,
        -0.10445991158485413,
        0.18914467096328735,
        0.27611270546913147,
        0.1733705699443817,
        0.6628871560096741,
        -0.3534510135650635,
        0.41639244556427,
        -0.38693422079086304,
        -0.546501874923706,
        -0.010641932487487793,
        -0.06323134899139404,
        0.11204860359430313,
        0.020094502717256546,
        0.170116126537323,
        -0.5767732858657837,
        -0.13308098912239075,
        -0.1893252432346344,
        0.4177311658859253
